parameter,exponent
N_modes,1.204244256431404
N_F,-1.3830224411224683
N_M,0.9676486631727799
